filename,true_gender,true_emotion,true_age_group
Image_01_Elder Male sad.jpg,Male,Sad,Elderly
Image_02_Elder Male sad.png,Male,Sad,Elderly
Image_03_Elder Male happy.jpeg,Male,Happy,Elderly
Image_04_Elder Male sad.jpg,Male,Sad,Elderly
Image_05_Elder Male happy.jpg,Male,Happy,Elderly
Image_06 Elder Female happy.jpg,Female,Happy,Elderly
Image_07 Elder Female happy.jpg,Female,Happy,Elderly
Image_08 Elder Female happy.jpeg,Female,Happy,Elderly
Image_09 Elder Female sad.jpg,Female,Sad,Elderly
Image_10 Elder Female sad.jpg,Female,Sad,Elderly
Image_11 Adult Male happy.jpg,Male,Happy,Adult
Image_12 Adult Male happy.jpg,Male,Happy,Adult
Image_13 Adult Male happy.jpg,Male,Happy,Adult
Image_14 Adult Male sad.jpg,Male,Sad,Adult
Image_15 Adult Male sad.jpg,Male,Sad,Adult
Image_16 Adult Female happy.jpg,Female,Happy,Adult
Image_17 Adult Female happy.jpg,Female,Happy,Adult
Image_18 Adult Female sad.jpg,Female,Sad,Adult
Image_19 Adult Female sad.jpg,Female,Sad,Adult
Image_20 Adult Female sad.jpg,Female,Sad,Adult
